,Player,MVP_Prediction_RF
1,Joel Embiid,0.7349663867798865
2,Giannis Antetokounmpo,0.6219861868039375
3,Nikola Jokić,0.5012523226310734
4,Jayson Tatum,0.37490361531986555
5,Jaylen Brown,0.17903813475413466
6,Donovan Mitchell,0.112337555916306
7,Shai Gilgeous-Alexander,0.11200181613756605
8,Luka Dončić,0.0871972142857144
9,Damian Lillard,0.08641789538239535
10,Domantas Sabonis,0.06765700793650799
