Player,MVP_Prediction_RF
Tim Duncan,0.5919185899470897
Kevin Garnett,0.44163148532948515
Kobe Bryant,0.40757502813852825
Tracy McGrady,0.3109063810726312
Chris Webber,0.24532773448773454
Shaquille O'Neal,0.23676977441077454
Dirk Nowitzki,0.19930239021164015
Allen Iverson,0.17762056084656086
Paul Pierce,0.03888659006734008
Ben Wallace,0.03690071043771041
