Player,MVP_Prediction_RF
LeBron James,0.49871732647907663
Steve Nash,0.4224269298941804
Dirk Nowitzki,0.38232681857956874
Kobe Bryant,0.36898176455026427
Chauncey Billups,0.2042255893458395
Dwyane Wade,0.14283640488215488
Allen Iverson,0.13160433862433854
Elton Brand,0.08143155212380203
Gilbert Arenas,0.043291865079365104
Gerald Wallace,0.04287105158730162
