Player,MVP_Prediction_RF
Derrick Rose,0.6485932169312166
LeBron James,0.45282930573130586
Dwight Howard,0.37443756818181834
Kobe Bryant,0.28777258180708154
Kevin Durant,0.178831508991009
Dwyane Wade,0.14045612938912935
Steve Nash,0.12832014285714283
Dirk Nowitzki,0.08383768927368931
Rajon Rondo,0.054160418590668585
Chris Paul,0.045003461640211746
