Player,MVP_Prediction_RF
LeBron James,0.7188781299903808
Kevin Durant,0.623575006854257
Kobe Bryant,0.2603343807673807
Rajon Rondo,0.22615869961519952
Chris Paul,0.15784163624338632
Tony Parker,0.15400002961852974
Dwight Howard,0.1311549573112073
Steve Nash,0.09117286904761912
Derrick Rose,0.06695523199948199
Kevin Love,0.05693746753246754
