Player,MVP_Prediction_RF
LeBron James,0.8549664238816742
Kevin Durant,0.5983552699245199
Carmelo Anthony,0.3437306116846119
Chris Paul,0.15846578703703706
Kobe Bryant,0.10397019336219343
Russell Westbrook,0.08045551923076925
Tony Parker,0.06045776334776339
James Harden,0.05223406216931213
Dwyane Wade,0.04130235777185776
Tim Duncan,0.038402671957672024
