Player,MVP_Prediction_RF
Stephen Curry,0.592502661172161
James Harden,0.505484012228512
LeBron James,0.28812082142857115
Russell Westbrook,0.20294527886002894
Anthony Davis,0.11742605158730138
Chris Paul,0.07596970238095237
LaMarcus Aldridge,0.028151390331890316
DeMarcus Cousins,0.02356147859547859
Klay Thompson,0.015335210317460305
Blake Griffin,0.007889236892736878
