Player,MVP_Prediction_RF
James Harden,0.776898428164429
LeBron James,0.5517717441909941
Anthony Davis,0.37462445303770325
Damian Lillard,0.15621489526214488
Russell Westbrook,0.12701273148148146
Kevin Durant,0.10701128463203477
Giannis Antetokounmpo,0.06382488816738816
Stephen Curry,0.06265517424242424
DeMar DeRozan,0.04648836975986977
Chris Paul,0.03805654966329969
