Player,MVP_Prediction_RF
Giannis Antetokounmpo,0.8372001945646946
James Harden,0.6631040396825393
Paul George,0.2334096807359308
Stephen Curry,0.18445963299663296
Joel Embiid,0.15837473869648874
Nikola Jokić,0.11451658730158751
Kawhi Leonard,0.09877922554297569
Kevin Durant,0.08097479497354493
Damian Lillard,0.06436099867724866
LeBron James,0.04834233561808556
