Player,MVP_Prediction_RF
Giannis Antetokounmpo,0.8542482210937211
LeBron James,0.538638633838384
James Harden,0.36293807978132997
Kawhi Leonard,0.19412019696969676
Luka Dončić,0.1658233959836459
Anthony Davis,0.13209164153439165
Russell Westbrook,0.10937993386243387
Trae Young,0.030357103174603186
Damian Lillard,0.02577683213083213
Pascal Siakam,0.018909012987013005
