Player,MVP_Prediction_RF
Nikola Jokić,0.6852661970436976
Joel Embiid,0.508396644300144
Giannis Antetokounmpo,0.3774233827561329
Stephen Curry,0.28220700276575283
Russell Westbrook,0.2321437930495429
Kyrie Irving,0.1392311500721501
Chris Paul,0.09689247354497378
Luka Dončić,0.08989242051467058
Kevin Durant,0.07696953703703704
Donovan Mitchell,0.07574073148148147
