Player,MVP_Prediction_RF
Joel Embiid,0.7349663867798865
Giannis Antetokounmpo,0.6219861868039375
Nikola Jokić,0.5012523226310734
Jayson Tatum,0.37490361531986555
Jaylen Brown,0.17903813475413466
Donovan Mitchell,0.112337555916306
Shai Gilgeous-Alexander,0.11200181613756605
Luka Dončić,0.0871972142857144
Damian Lillard,0.08641789538239535
Domantas Sabonis,0.06765700793650799
