Player,MVP_Prediction_RF
Tim Duncan,0.5459463492063487
Kevin Garnett,0.481237052910053
Kobe Bryant,0.43813623244348254
Tracy McGrady,0.3535421964886965
Shaquille O'Neal,0.2513700227272727
Allen Iverson,0.19837469119769122
Chris Webber,0.133216352212602
Dirk Nowitzki,0.10448371019721026
Paul Pierce,0.07132813227513236
Michael Jordan,0.030021693121693137
