Player,MVP_Prediction_RF
Kevin Garnett,0.7849684710197214
Tim Duncan,0.42587535714285724
Jermaine O'Neal,0.2582840728715727
Peja Stojaković,0.1665925340307842
Shaquille O'Neal,0.15778368614718633
Kobe Bryant,0.1489555194805194
Allen Iverson,0.07934552044252047
Jason Kidd,0.06011685978835968
Tracy McGrady,0.057938104497354516
Chris Webber,0.044558756613756655
