Player,MVP_Prediction_RF
Shaquille O'Neal,0.548794734247234
Steve Nash,0.5256437738095241
Tim Duncan,0.23715488359788373
Dirk Nowitzki,0.21844674567099578
Allen Iverson,0.20800374903799912
Amar'e Stoudemire,0.19250909764309765
Dwyane Wade,0.13269828198653183
LeBron James,0.11873668181818187
Tracy McGrady,0.0794477028619528
Corey Maggette,0.06354856577681582
