Player,MVP_Prediction_RF
Dirk Nowitzki,0.6037805317460317
Steve Nash,0.5884721176046179
Kobe Bryant,0.27351612890812893
Tim Duncan,0.21497975264550281
LeBron James,0.16005498280423297
Tracy McGrady,0.08556966269841278
Dwyane Wade,0.0627224937469938
Yao Ming,0.04626135281385282
Carmelo Anthony,0.0451446955266955
Gilbert Arenas,0.03629270875420873
