Player,MVP_Prediction_RF
Kobe Bryant,0.6306321592111593
Chris Paul,0.5108641096681098
LeBron James,0.28723113624338625
Kevin Garnett,0.26361012433862446
Dwight Howard,0.1914977270322272
Steve Nash,0.11971729894179885
Amar'e Stoudemire,0.10121532768157776
Deron Williams,0.06056176851851854
Allen Iverson,0.034348132275132275
Tim Duncan,0.02856466546416543
