Player,MVP_Prediction_RF
LeBron James,0.8742446141173639
Kobe Bryant,0.4937967707662704
Dwyane Wade,0.3969633290043287
Dwight Howard,0.272200183140933
Chris Paul,0.1444441878306877
Kevin Martin,0.06968372751322757
Dirk Nowitzki,0.052621835488585504
Steve Nash,0.042126773809523815
Al Jefferson,0.035198146825396834
Tony Parker,0.021210887566137555
