Player,MVP_Prediction_RF
LeBron James,0.9008790390812891
Kevin Durant,0.4785365060125058
Kobe Bryant,0.39636806457431445
Dwight Howard,0.21554339874939876
Carmelo Anthony,0.1795092787397786
Dirk Nowitzki,0.08506462397787405
Steve Nash,0.06842330555555541
Dwyane Wade,0.058978054232804264
Monta Ellis,0.037969974025974
Amar'e Stoudemire,0.024169202380952357
