Player,MVP_Prediction_RF
Kevin Durant,0.8719084831187329
LeBron James,0.5810748844396341
Blake Griffin,0.301064681013431
Joakim Noah,0.10054956613756603
Chris Paul,0.0970032050264551
James Harden,0.07688113455988457
LaMarcus Aldridge,0.07005788528138536
Al Jefferson,0.04324646428571425
Stephen Curry,0.042943731000481065
Anthony Davis,0.03061827777777778
