Player,MVP_Prediction_RF
Stephen Curry,0.8305654306156811
LeBron James,0.4167492876937877
Kevin Durant,0.2757313725903726
Russell Westbrook,0.26943169684944673
Kawhi Leonard,0.2592710117012617
Rajon Rondo,0.22245697077922075
LaMarcus Aldridge,0.08578164814814815
James Harden,0.0817137462722463
Draymond Green,0.07580217532467538
DeMar DeRozan,0.05390421693121694
