Player,MVP_Prediction_RF
James Harden,0.6376080623635627
Russell Westbrook,0.6373044449254445
Kawhi Leonard,0.37919610582010616
LeBron James,0.33269792484367455
Stephen Curry,0.19923746103896087
Kevin Durant,0.18723362145262154
Isaiah Thomas,0.11281947234247232
Anthony Davis,0.06903817316017319
DeMar DeRozan,0.06757107058682063
Karl-Anthony Towns,0.05199403703703704
