Player,MVP_Prediction_RF
Joel Embiid,0.6013153543771038
Nikola Jokić,0.6000405216450219
Giannis Antetokounmpo,0.5454199257409258
Devin Booker,0.3180771074573575
Luka Dončić,0.2091895238095238
Ja Morant,0.20063443915343884
Chris Paul,0.07384407347282344
Trae Young,0.07174352669552674
Jayson Tatum,0.06950791137566124
DeMar DeRozan,0.04957942412217409
